USE `schema`;

DELETE FROM horaire;
DELETE FROM ligne_has_station;
DELETE FROM station;
DELETE FROM ligne;
DELETE FROM jour;

-- Insertion dans la table Ligne
INSERT INTO ligne (Id_Ligne, Nom_Ligne, Direction) VALUES
 ('1', 'P+R Ouest - Kersec', 'Kersec'),
 ('2', 'Kersec - P+R Ouest', 'P+R Ouest');


-- Insertion dans la table Station

INSERT INTO station (ID_Station, Nom_Station, desservi) VALUES 
('1', 'P+R Ouest',0),
('2', 'Fourchêne 1',0),
('3', 'Madeleine',0),
('4', 'République',0),
('5', 'PIBS 2',0),
('6', 'Petit Tohannic',1),
('7', 'Delestraint',0),
('8', 'Kersec',0);

-- Insertion dans la table Ligne_has_Station

INSERT INTO `schema`.`ligne_has_station` (`Ligne_IdLigne`, `Station_IdStation`) VALUES ('1', '1');
INSERT INTO `schema`.`ligne_has_station` (`Ligne_IdLigne`, `Station_IdStation`) VALUES ('1', '2');
INSERT INTO `schema`.`ligne_has_station` (`Ligne_IdLigne`, `Station_IdStation`) VALUES ('1', '3');
INSERT INTO `schema`.`ligne_has_station` (`Ligne_IdLigne`, `Station_IdStation`) VALUES ('1', '4');
INSERT INTO `schema`.`ligne_has_station` (`Ligne_IdLigne`, `Station_IdStation`) VALUES ('1', '5');
INSERT INTO `schema`.`ligne_has_station` (`Ligne_IdLigne`, `Station_IdStation`) VALUES ('1', '6');
INSERT INTO `schema`.`ligne_has_station` (`Ligne_IdLigne`, `Station_IdStation`) VALUES ('1', '7');
INSERT INTO `schema`.`ligne_has_station` (`Ligne_IdLigne`, `Station_IdStation`) VALUES ('1', '8');
INSERT INTO `schema`.`ligne_has_station` (`Ligne_IdLigne`, `Station_IdStation`) VALUES ('2', '8');
INSERT INTO `schema`.`ligne_has_station` (`Ligne_IdLigne`, `Station_IdStation`) VALUES ('2', '7');
INSERT INTO `schema`.`ligne_has_station` (`Ligne_IdLigne`, `Station_IdStation`) VALUES ('2', '6');
INSERT INTO `schema`.`ligne_has_station` (`Ligne_IdLigne`, `Station_IdStation`) VALUES ('2', '5');
INSERT INTO `schema`.`ligne_has_station` (`Ligne_IdLigne`, `Station_IdStation`) VALUES ('2', '4');
INSERT INTO `schema`.`ligne_has_station` (`Ligne_IdLigne`, `Station_IdStation`) VALUES ('2', '3');
INSERT INTO `schema`.`ligne_has_station` (`Ligne_IdLigne`, `Station_IdStation`) VALUES ('2', '2');
INSERT INTO `schema`.`ligne_has_station` (`Ligne_IdLigne`, `Station_IdStation`) VALUES ('2', '1');



-- Insertion dans la table Jour

INSERT INTO jour (ID_Jour, Nom_Jour) VALUES 
('1', 'Lundi'),
('2', 'Mardi'),
('3', 'Mercredi'),
('4', 'Jeudi'),
('5', 'Vendredi');

-- Insertion dans la table Horaire

INSERT INTO horaire (Station_ID_Station, Heures, Jour_ID_Jour) VALUES
(1, '06:32', 1),
(1, '06:42', 1),
(1, '06:52', 1),
(1, '07:00', 1),
(1, '07:10', 1),
(1, '06:32', 2),
(1, '06:42', 2),
(1, '06:52', 2),
(1, '07:00', 2),
(1, '07:10', 2),
(1, '06:32', 3),
(1, '06:42', 3),
(1, '06:52', 3),
(1, '07:00', 3),
(1, '07:10', 3),
(1, '06:32', 4),
(1, '06:42', 4),
(1, '06:52', 4),
(1, '07:00', 4),
(1, '07:10', 4),
(1, '06:32', 5),
(1, '06:42', 5),
(1, '06:52', 5),
(1, '07:00', 5),
(1, '07:10', 5),
(2, '06:34', 1),
(2, '06:44', 1),
(2, '06:54', 1),
(2, '07:02', 1),
(2, '07:12', 1),
(2, '06:34', 2),
(2, '06:44', 2),
(2, '06:54', 2),
(2, '07:02', 2),
(2, '07:12', 2),
(2, '06:34', 3),
(2, '06:44', 3),
(2, '06:54', 3),
(2, '07:02', 3),
(2, '07:12', 3),
(2, '06:34', 4),
(2, '06:44', 4),
(2, '06:54', 4),
(2, '07:02', 4),
(2, '07:12', 4),
(2, '06:34', 5),
(2, '06:44', 5),
(2, '06:54', 5),
(2, '07:02', 5),
(2, '07:12', 5),
(3, '06:37', 1),
(3, '06:47', 1),
(3, '06:57', 1),
(3, '07:06', 1),
(3, '07:16', 1),
(3, '06:37', 2),
(3, '06:47', 2),
(3, '06:57', 2),
(3, '07:06', 2),
(3, '07:16', 2),
(3, '06:37', 3),
(3, '06:47', 3),
(3, '06:57', 3),
(3, '07:06', 3),
(3, '07:16', 3),
(3, '06:37', 4),
(3, '06:47', 4),
(3, '06:57', 4),
(3, '07:06', 4),
(3, '07:16', 4),
(3, '06:37', 5),
(3, '06:47', 5),
(3, '06:57', 5),
(3, '07:06', 5),
(3, '07:16', 5),
(4, '06:42', 1),
(4, '06:52', 1),
(4, '07:02', 1),
(4, '07:12', 1),
(4, '07:22', 1),
(4, '06:42', 2),
(4, '06:52', 2),
(4, '07:02', 2),
(4, '07:12', 2),
(4, '07:22', 2),
(4, '06:42', 3),
(4, '06:52', 3),
(4, '07:02', 3),
(4, '07:12', 3),
(4, '07:22', 3),
(4, '06:42', 4),
(4, '06:52', 4),
(4, '07:02', 4),
(4, '07:12', 4),
(4, '07:22', 4),
(4, '06:42', 5),
(4, '06:52', 5),
(4, '07:02', 5),
(4, '07:12', 5),
(4, '07:22', 5),
(5, '06:46', 1),
(5, '06:56', 1),
(5, '07:07', 1),
(5, '07:17', 1),
(5, '07:27', 1),
(5, '06:46', 2),
(5, '06:56', 2),
(5, '07:07', 2),
(5, '07:17', 2),
(5, '07:27', 2),
(5, '06:46', 3),
(5, '06:56', 3),
(5, '07:07', 3),
(5, '07:17', 3),
(5, '07:27', 3),
(5, '06:46', 4),
(5, '06:56', 4),
(5, '07:07', 4),
(5, '07:17', 4),
(5, '07:27', 4),
(5, '06:46', 5),
(5, '06:56', 5),
(5, '07:07', 5),
(5, '07:17', 5),
(5, '07:27', 5),
(6, '06:50', 1),
(6, '07:00', 1),
(6, '07:11', 1),
(6, '07:21', 1),
(6, '07:31', 1),
(6, '06:50', 2),
(6, '07:00', 2),
(6, '07:11', 2),
(6, '07:21', 2),
(6, '07:31', 2),
(6, '06:50', 3),
(6, '07:00', 3),
(6, '07:11', 3),
(6, '07:21', 3),
(6, '07:31', 3),
(6, '06:50', 4),
(6, '07:00', 4),
(6, '07:11', 4),
(6, '07:21', 4),
(6, '07:31', 4),
(6, '06:50', 5),
(6, '07:00', 5),
(6, '07:11', 5),
(6, '07:21', 5),
(6, '07:31', 5),
(7, '06:51', 1),
(7, '07:01', 1),
(7, '07:12', 1),
(7, '07:22', 1),
(7, '07:32', 1),
(7, '06:51', 2),
(7, '07:01', 2),
(7, '07:12', 2),
(7, '07:22', 2),
(7, '07:32', 2),
(7, '06:51', 3),
(7, '07:01', 3),
(7, '07:12', 3),
(7, '07:22', 3),
(7, '07:32', 3),
(7, '06:51', 4),
(7, '07:01', 4),
(7, '07:12', 4),
(7, '07:22', 4),
(7, '07:32', 4),
(7, '06:51', 5),
(7, '07:01', 5),
(7, '07:12', 5),
(7, '07:22', 5),
(7, '07:32', 5),
(8, '06:55', 1),
(8, '07:05', 1),
(8, '07:16', 1),
(8, '07:26', 1),
(8, '07:36', 1),
(8, '06:55', 2),
(8, '07:05', 2),
(8, '07:16', 2),
(8, '07:26', 2),
(8, '07:36', 2),
(8, '06:55', 3),
(8, '07:05', 3),
(8, '07:16', 3),
(8, '07:26', 3),
(8, '07:36', 3),
(8, '06:55', 4),
(8, '07:05', 4),
(8, '07:16', 4),
(8, '07:26', 4),
(8, '07:36', 4),
(8, '06:55', 5),
(8, '07:05', 5),
(8, '07:16', 5),
(8, '07:26', 5),
(8, '07:36', 5);

